평점순위,회사명,지역,평점,연봉
1,페이스북코리아(유),서울,4.5,"14,001"
2,(주)살다,서울,4.4,"4,017"
3,라이엇게임즈코리아,해외,4.4,"6,337"
4,유니티테크놀로지스코리아(유),서울,4.4,"5,304"
5,네이버웹툰,경기,4.3,"4,967"
6,구글코리아(유),서울,4.3,"10,513"
7,행복쇼핑(주),서울,4.3,"3,080"
8,(주)데이블,서울,4.3,"3,699"
9,(주)핫셀러,서울,4.3,"3,900"
10,(주)센드버드코리아,서울,4.3,"4,946"
11,(주)벡터코리아아이티,서울,4.2,"4,819"
12,네이버제트(주),경기,4.2,"4,852"
13,(주)베이글코드,서울,4.2,"5,097"
14,(주)큐픽스,경기,4.2,0
15,(주)쇼엠,인천,4.2,"2,947"
16,버즈빌(주),서울,4.2,"3,751"
17,구 카카오(주) ,경기,4.1,"4,480"
18,(주)로드와이즈,서울,4.1,"4,467"
19,(주)에이스프로젝트,서울,4.1,"3,282"
20,(주)무른모,인천,4.1,"3,076"
21,(주)셀메이트,서울,4.1,"3,196"
22,(주)생활연구소,경기,4.0,"4,184"
23,지오그레이트(주),서울,4.0,"2,644"
24,에스에이피랩스코리아(주),서울,4.0,"7,040"
25,피앤피시큐어(주),경기,4.0,"3,838"
26,(주)당근마켓,서울,4.0,"5,200"
27,(주)슈퍼브에이아이,서울,4.0,"2,883"
28,네이버클라우드(주),경기,4.0,"9,299"
29,시만텍코리아(주),서울,4.0,"7,152"
30,SK텔레콤(주),서울,4.0,"5,726"
31,(주)헤븐트리,경북,4.0,"3,381"
32,넷마블에프앤씨(주),서울,4.0,"4,701"
33,(주)코그넥스코리아,서울,4.0,"5,455"
34,네이버(주),경기,3.9,"7,606"
35,아마존웹서비스,서울,3.9,"11,284"
36,(주)클루커스,서울,3.9,"3,861"
37,디에이전시(주),서울,3.9,"3,116"
38,(주)페이타랩,부산,3.9,"3,053"
39,넷스루(주),서울,3.9,"4,776"
40,(주)이씨에스텔레콤,서울,3.9,"6,410"
41,(주)오픈서베이,서울,3.9,"4,248"
42,(주)온다,서울,3.9,"3,701"
43,우리에프아이에스(주),서울,3.9,"8,856"
44,캠프모바일,서울,3.9,"7,057"
45,에스에이피코리아(주),서울,3.9,"12,410"
46,테이블링(주),서울,3.9,"3,361"
47,(주)빅인사이트,서울,3.9,"4,291"
48,(주)코그,대구,3.9,"3,034"
49,엠비아이솔루션(주),서울,3.8,"4,509"
50,(주)카카오,제주,3.8,"6,184"
51,클래스팅(주),서울,3.8,"3,682"
52,퍼블리시(주),서울,3.8,"3,056"
53,(주)애드니즈컴퍼니,서울,3.8,"2,466"
54,(주)플랜잇파트너스,서울,3.8,"5,440"
55,데브시스터즈(주),서울,3.8,"4,533"
56,(주)이랜서,서울,3.8,"2,221"
57,(주)지란지교시큐리티,서울,3.8,"3,867"
58,(주)파이브센스,서울,3.8,"2,460"
59,유디피(주),서울,3.8,"4,917"
60,(주)크레비스파트너스,서울,3.8,"3,189"
61,잡플래닛,서울,3.8,"4,196"
62,(주)버킷플레이스,서울,3.8,"2,363"
63,(주)코스콤,서울,3.8,"11,994"
64,(주)크몽,서울,3.8,"2,491"
65,파이언넷(주),서울,3.8,"4,607"
66,한국아이티진흥(주),서울,3.8,"4,837"
67,콩테크(주),경기,3.7,"4,075"
68,(주)드라마앤컴퍼니,서울,3.7,"3,509"
69,(주)우리요,전북,3.7,"3,118"
70,나이스정보통신(주),서울,3.7,"8,156"
71,(주)오피지지,서울,3.7,"3,625"
72,라인플러스(주),경기,3.7,"8,155"
73,(주)넥슨코리아,경기,3.7,"5,445"
74,(주)스윗코리아,해외,3.7,"5,379"
75,(주)오케이몰,서울,3.7,"3,987"
76,네오플(주),제주,3.7,"7,142"
77,(주)자란다,서울,3.7,"4,018"
78,브이씨엔씨(주),서울,3.7,"4,018"
79,(주)쿡앱스,경기,3.7,"4,152"
80,(주)힐링페이퍼,서울,3.7,"3,786"
81,제너시스템즈(주),서울,3.7,"4,278"
82,(주)모코엠시스,서울,3.7,"4,859"
83,(주)우아한형제들,서울,3.7,"4,339"
84,(주)카이아이컴퍼니,서울,3.7,"3,550"
85,코이웨어(주),서울,3.7,"2,638"
86,(주)백패커,서울,3.6,"3,173"
87,(주)씨커스,서울,3.6,"2,493"
88,(주)라이트브레인,서울,3.6,"3,603"
89,(주)엔라이즈,서울,3.6,"3,263"
90,(주)새움소프트,경기,3.6,"2,450"
91,(주)에이치알맨파워그룹,서울,3.6,"5,598"
92,웍스모바일(주),경기,3.6,"4,929"
93,(주)머스트잇,서울,3.6,"3,363"
94,(주)액션스퀘어,경기,3.6,"4,346"
95,다음커뮤니케이션(주),제주,3.6,"4,609"
96,스터디코드네트웍스(주),서울,3.6,"2,286"
97,엔테크서비스(주),경기,3.6,"4,210"
98,케이스마텍(주),서울,3.6,"3,911"
99,한국마이크로소프트(유),서울,3.6,"13,337"
100,(주)어반베이스,서울,3.6,"4,285"
101,(주)이수시스템,서울,3.6,"6,555"
102,(주)리플렉션,서울,3.6,"3,609"
103,(주)연합인포맥스,서울,3.6,"6,860"
104,(주)태성에스엔이,서울,3.6,"9,531"
105,차봇모빌리티(주),서울,3.6,"4,591"
106,카테노이드(주),서울,3.6,"3,547"
107,지식시스템(주),경기,3.6,"5,645"
108,(주)엔씨소프트,서울,3.6,"6,713"
109,(주)오픈메이트,서울,3.6,"4,853"
110,(주)트렌디스,서울,3.6,"2,500"
111,일렉트로닉아츠코리아(유),서울,3.6,"8,033"
112,에스케이(주),서울,3.6,"7,427"
113,넥슨지티(주),경기,3.6,"5,590"
114,톰슨로이터코리아(주),서울,3.6,"7,400"
115,(주)스테이지파이브,서울,3.5,"4,677"
116,(주)에이모,경기,3.5,"4,167"
117,(주)오픈놀,서울,3.5,"2,852"
118,밀버스(주),서울,3.5,"2,823"
119,엠투아이코퍼레이션(주),경기,3.5,"4,914"
120,(주)비바리퍼블리카,서울,3.5,"4,727"
121,삼성에스디에스(주),서울,3.5,"8,296"
122,(주)플그림,서울,3.5,"3,771"
123,(주)한성아이티엘,서울,3.5,"3,956"
124,오직(주),서울,3.5,"2,613"
125,워터월시스템즈(주),서울,3.5,"3,744"
126,전능아이티(주),서울,3.5,"3,170"
127,(주)버즈니,서울,3.5,"3,627"
128,매드업(주),서울,3.5,"3,611"
129,맨텍(주),서울,3.5,"5,603"
130,펫박스(주),대전,3.5,"1,794"
131,한국통합민원센터(주),서울,3.5,"3,263"
132,에스케이플래닛(주),서울,3.5,"7,247"
133,(주)라피치,서울,3.5,"3,425"
134,(주)다우데이타,서울,3.5,"4,853"
135,(주)캐플릭스,제주,3.5,"3,725"
136,(주)커머스웨어,서울,3.5,"3,476"
137,가비아씨엔에스,경기,3.5,"3,389"
138,비스텔(주),서울,3.5,"4,616"
139,엔카닷컴(주),서울,3.5,"4,778"
140,(주)안랩,경기,3.5,"4,071"
141,(주)에스엘디티,경기,3.5,"4,667"
142,가비아(주),경기,3.5,"4,066"
143,(주)벨아이앤에스,서울,3.5,"3,832"
144,(주)샌드박스네트워크,서울,3.5,"3,640"
145,(주)스마일게이트알피지,경기,3.5,"4,732"
146,(주)이호스트아이씨티,서울,3.5,"2,439"
147,(주)코이노,서울,3.5,"3,354"
148,(주)한국해양기상기술,서울,3.5,"4,525"
149,(주)해줌,서울,3.5,"4,020"
150,아우토크립트(주),서울,3.5,"5,260"
151,엔에이치엔(주),경기,3.4,"6,486"
152,엘에스산전(주),경기,3.4,"6,437"
153,왓챠,서울,3.4,"3,817"
154,지티플러스(주),서울,3.4,"4,867"
155,현대오토에버(주),서울,3.4,"7,751"
156,(주)소셜미디어센터,서울,3.4,"2,747"
157,(주)윙잇,서울,3.4,"3,785"
158,도프텍(주),서울,3.4,"4,419"
159,(주)디앤디기술,서울,3.4,"1,350"
160,(주)연합뉴스,서울,3.4,"9,124"
161,(주)이노룰스,서울,3.4,"5,236"
162,(주)큐피스트,서울,3.4,"4,356"
163,(주)핸드스튜디오,서울,3.4,"3,109"
164,(주)휴먼컨설팅그룹,서울,3.4,"5,692"
165,(주)오파스넷,서울,3.4,"4,554"
166,델인터내셔널(주),서울,3.4,"7,666"
167,에스케이브로드밴드(주),서울,3.4,"9,110"
168,(주)매스프레소,서울,3.4,"4,660"
169,(주)모젯,서울,3.4,"3,144"
170,(주)보이스루,서울,3.4,"3,633"
171,(주)진학사,서울,3.4,"4,666"
172,(주)크래프톤,서울,3.4,"4,562"
173,라온시큐어(주),서울,3.4,"4,023"
174,엔도어즈(주),서울,3.4,"4,233"
175,한국정보통신(주),서울,3.4,"7,538"
176,(주)에이전트소프트,서울,3.4,"5,517"
177,(주)자비스앤빌런즈,서울,3.4,"4,204"
178,(주)휴노,서울,3.4,"3,516"
179,카본코드테크놀로지,서울,3.4,"4,386"
180,카페24(주),서울,3.4,"5,012"
181,(주)브이엠에스솔루션스,경기,3.4,"4,497"
182,(주)선데이토즈,경기,3.4,"7,350"
183,한국지능정보사회진흥원,대구,3.4,"3,443"
184,(주)다우기술,경기,3.4,"3,950"
185,(주)사이버텔브릿지,서울,3.4,"4,852"
186,(주)투게더스,인천,3.4,"3,202"
187,(주)헥토파이낸셜,서울,3.4,"5,156"
188,나이스평가정보(주),서울,3.4,"10,317"
189,(주)더커머스,서울,3.4,"3,659"
190,(주)트릿지,서울,3.4,"4,204"
191,넷츠(주),서울,3.4,"4,150"
192,빙글,서울,3.4,"3,498"
193,키위플(주),서울,3.4,"4,596"
194,(주)네오위즈,경기,3.3,"4,373"
195,(주)스펙트라,서울,3.3,"5,207"
196,(주)케이티샛,서울,3.3,"7,821"
197,로보티즈(주),서울,3.3,"3,610"
198,번개장터(주),서울,3.3,"2,676"
199,원스토어(주),경기,3.3,"6,309"
200,(주)라포랩스,서울,3.3,"2,800"
201,(주)스마일게이트엔터테인먼트,경기,3.3,"4,368"
202,(주)스푼라디오,서울,3.3,"3,800"
203,(주)씨에스피아이,서울,3.3,"4,544"
204,(주)엑셈,서울,3.3,"3,972"
205,(주)지란지교소프트,대전,3.3,"3,623"
206,(주)큐빅테크,서울,3.3,"5,027"
207,(주)토스랩,서울,3.3,"3,874"
208,스포카(주),서울,3.3,"2,671"
209,신영이에스디(주),강원,3.3,"3,303"
210,인사커뮤니케이션(주),서울,3.3,"3,057"
211,(주)그린랩스,서울,3.3,"4,396"
212,(주)누리봄,서울,3.3,"4,634"
213,(주)라이픽,서울,3.3,"4,885"
214,(주)비투엔,서울,3.3,"5,712"
215,(주)에이아이스페라,서울,3.3,"3,267"
216,(주)와이즈버즈,서울,3.3,"3,637"
217,(주)퀄슨,서울,3.3,"3,576"
218,이롭게,서울,3.3,"3,033"
219,(주)마이다스아이티,경기,3.3,"5,243"
220,(주)에프에스엔,서울,3.3,"5,272"
221,(주)파이오링크,서울,3.3,"4,565"
222,(주)푸드테크,서울,3.3,"4,205"
223,네무스텍(주),서울,3.3,"4,541"
224,투이컨설팅(주),서울,3.3,"5,443"
225,한전케이디엔(주),전남,3.3,"3,509"
226,(주)더블유게임즈,서울,3.3,"4,412"
227,(주)이스트소프트,서울,3.3,"3,655"
228,(주)탈잉,서울,3.3,"3,870"
229,(주)티머니,서울,3.3,"7,146"
230,(주)헥토이노베이션,서울,3.3,"4,452"
231,(주)투씨에스지,서울,3.3,"4,878"
232,(주)알체라,경기,3.3,"3,644"
233,(주)알티캐스트,서울,3.3,"5,895"
234,(주)엑스퍼넷,서울,3.3,"4,402"
235,(주)이메인텍,서울,3.3,"4,885"
236,(주)이즈파크,경남,3.3,"3,294"
237,(주)이지로보틱스,경기,3.3,"7,018"
238,(주)이지미디어,서울,3.3,"2,932"
239,(주)케이티넥스알,서울,3.3,"4,986"
240,한국내쇼날인스트루먼트(주),서울,3.3,"6,034"
241,(주)레드브릭,서울,3.3,"3,582"
242,(주)비트망고,경기,3.3,"3,422"
243,하렉스인포텍(주),서울,3.3,"3,967"
244,(주)네모난오렌지,서울,3.3,"2,617"
245,(주)셀러허브,서울,3.3,"2,129"
246,(주)잉카엔트웍스,서울,3.3,"4,060"
247,(주)카카오브이엑스,경기,3.3,"3,949"
248,미스터픽(주),서울,3.3,"2,628"
249,서울정보시스템(주),서울,3.3,"3,471"
250,솔박스(주),서울,3.3,"4,296"
251,펜타시스템테크놀러지(주),서울,3.3,"5,455"
252,한국무역정보통신(주),경기,3.3,"8,438"
253,한국오라클(유),서울,3.3,"8,648"
254,(주)알스퀘어,서울,3.2,"3,565"
255,(주)위민,서울,3.2,"2,157"
256,(주)테라핀테크,서울,3.2,"4,364"
257,두산정보통신(주),서울,3.2,"8,434"
258,오비고(주),경기,3.2,"5,126"
259,한국쌔스소프트웨어(주),서울,3.2,"5,305"
260,(주)링네트,서울,3.2,"3,908"
261,대한에프에이시스템(주),서울,3.2,"5,835"
262,봉봉랩(주) 호텔나우,서울,3.2,"3,008"
263,(주)사이냅소프트,서울,3.2,"4,055"
264,(주)에스비에스에이앤티,서울,3.2,"11,483"
265,뤼이드(주),서울,3.2,"3,037"
266,엔에이치엔에듀(주),경기,3.2,"3,930"
267,이노시스컴퍼니(주),서울,3.2,"2,690"
268,케이비데이타시스템(주),서울,3.2,"6,083"
269,한국자산평가(주),서울,3.2,"5,028"
270,(주)스마트로,서울,3.2,"5,515"
271,(주)어니언텍,경기,3.2,"3,703"
272,(주)카카오스타일,서울,3.2,"4,457"
273,(주)푸시,서울,3.2,"2,925"
274,비앤에프테크놀로지(주),대전,3.2,"3,884"
275,(주)로드컴플릿,경기,3.2,"2,555"
276,(주)모비젠,서울,3.2,"4,672"
277,(주)미디어브레인,서울,3.2,"2,837"
278,(주)미리디,서울,3.2,"2,593"
279,(주)엘지유플러스,서울,3.2,"6,375"
280,(주)오토위니,서울,3.2,"2,511"
281,(주)카카오엔터테인먼트,경기,3.2,"4,054"
282,시스템게이트(주),대전,3.2,"3,706"
283,알티베이스(주),서울,3.2,"5,397"
284,잡코리아(유),서울,3.2,"4,694"
285,(주)가치브라더,서울,3.2,"2,631"
286,(주)뱅크샐러드,서울,3.2,"2,740"
287,(주)이파피루스,경기,3.2,"3,305"
288,디딤365(주),서울,3.2,"3,401"
289,(주)뉴딘콘텐츠,서울,3.2,"3,671"
290,(주)딥브레인에이아이,서울,3.2,"4,033"
291,(주)소만사,서울,3.2,"3,660"
292,(주)하이브로,서울,3.2,"3,749"
293,블루웨이브컨설팅(주),서울,3.2,"3,457"
294,시큐베이스(주),서울,3.2,"3,476"
295,싸이버로지텍(주),서울,3.2,"7,038"
296,엑스엘게임즈(주),경기,3.2,"4,908"
297,와이어드컴퍼니(주),서울,3.2,"3,425"
298,유브릿지(주),서울,3.2,"3,331"
299,크리니티(주),서울,3.2,"3,507"
300,(주)에이블리코퍼레이션,서울,3.2,"3,966"
301,엘림넷(주),서울,3.2,"3,913"
302,한국후지쯔(주),서울,3.2,"7,414"
303,(주)넵튠,경기,3.2,"4,811"
304,(주)노매드커넥션,서울,3.2,"3,670"
305,(주)배움,서울,3.2,"2,889"
306,(주)스마일게이트게임즈,경기,3.2,"4,187"
307,글로우데이즈(주),서울,3.2,"2,835"
308,락플레이스(주),서울,3.2,"4,130"
309,열린기술(주),서울,3.2,"4,152"
310,한화에스앤씨(주),서울,3.2,"7,441"
311,(주)고퀄,서울,3.2,"3,480"
312,(주)골프존,서울,3.2,"4,292"
313,(주)디파이,서울,3.2,"3,177"
314,(주)컴투스,서울,3.2,"4,449"
315,엑세스서울(주),서울,3.2,"6,398"
316,유니드컴즈(주),서울,3.2,"2,742"
317,(주)다나와,서울,3.1,"3,616"
318,(주)웨딩북,서울,3.1,"4,112"
319,(주)인성정보,서울,3.1,"4,039"
320,(주)케이에스넷,서울,3.1,"6,173"
321,(주)파수,서울,3.1,"4,635"
322,이음소시어스(주),서울,3.1,"2,546"
323,(주)날리지큐브,서울,3.1,"3,393"
324,(주)넥스모어시스템즈,서울,3.1,"3,611"
325,(주)라티스글로벌커뮤니케이션스,서울,3.1,"3,339"
326,(주)슬로워크,서울,3.1,"3,100"
327,(주)아톤,서울,3.1,"4,226"
328,(주)웨인테크놀로지,서울,3.1,"2,825"
329,(주)케이티,경기,3.1,"7,556"
330,새얀아이엔씨(주),서울,3.1,"3,351"
331,에스코어(주),경기,3.1,"8,213"
332,텐던시,서울,3.1,"2,977"
333,한국아이비엠(주),서울,3.1,"7,797"
334,(주)엘지씨엔에스,서울,3.1,"6,293"
335,(주)원프레딕트,서울,3.1,"5,667"
336,(주)인스웨이브시스템즈,서울,3.1,"4,708"
337,(주)크리젠솔루션,서울,3.1,"3,104"
338,(주)클로버추얼패션,서울,3.1,"4,168"
339,(주)픽소니어,대전,3.1,"3,825"
340,(주)혁산정보시스템,서울,3.1,"3,746"
341,KCIM(주),서울,3.1,"3,576"
342,굿모닝아이텍(주),서울,3.1,"4,309"
343,바나플(유),서울,3.1,"3,740"
344,삼정데이타서비스(주),서울,3.1,"3,904"
345,에스제이소프트텍(주),서울,3.1,"2,903"
346,오티아이(주),서울,3.1,"3,557"
347,인픽스(주),서울,3.1,"3,448"
348,파워보이스(주),경기,3.1,"3,946"
349,(주)엠투소프트,서울,3.1,"3,932"
350,(주)플립커뮤니케이션즈,서울,3.1,"3,475"
351,비티비솔루션(주),서울,3.1,"4,457"
352,에스케이텔링크(주),서울,3.1,"9,867"
353,엔라이튼(주),서울,3.1,"3,805"
354,유엔젤(주),경기,3.1,"5,348"
355,(주)게임덱스,경기,3.1,"2,737"
356,(주)시큐레이어,서울,3.1,"3,839"
357,메이티(주),서울,3.1,"3,106"
358,배달통(주),서울,3.1,"3,631"
359,아이헤이트플라잉버그스(주),서울,3.1,"3,414"
360,에릭슨엘지(주),서울,3.1,"8,860"
361,엘에스웨어(주),서울,3.1,"4,338"
362,코드파트너즈(주),서울,3.1,"2,361"
363,(주)비플,서울,3.1,"2,852"
364,(주)엔코아,서울,3.1,"5,801"
365,(주)이스트시큐리티,서울,3.1,"4,293"
366,(주)조이시티,경기,3.1,"4,659"
367,(주)직방,기타,3.1,"3,739"
368,굿어스(주),서울,3.1,"4,139"
369,럽디(주),서울,3.1,"3,668"
370,리눅스데이타시스템(주),서울,3.1,"3,342"
371,메디컬아이피(주),강원,3.1,"4,480"
372,아이크래프트(주),서울,3.1,"5,403"
373,포인트아이(주),서울,3.1,"4,854"
374,(주)디시인사이드,서울,3.1,"2,961"
375,(주)디에스앤텍,서울,3.1,"4,005"
376,(주)아이엠아이,전북,3.1,"4,315"
377,(주)엘리스,서울,3.1,"3,092"
378,(주)엠로,서울,3.1,"4,749"
379,아이넷캅(주),서울,3.1,"3,045"
380,애드웨이즈코리아,서울,3.1,"2,891"
381,한국신용카드결제(주),서울,3.1,"5,449"
382,(주)게임베리,서울,3.1,"3,035"
383,(주)롯데닷컴,서울,3.1,"5,212"
384,(주)퍼니웍,서울,3.1,"2,239"
385,(주)하이퍼커넥트,서울,3.1,"4,511"
386,리얼네트웍스아시아퍼시픽(주),서울,3.1,"6,633"
387,새한제이소프트(주),서울,3.1,"3,090"
388,셀파소프트(주),서울,3.1,"3,464"
389,에스큐아이소프트(주),서울,3.1,"3,423"
390,현대에이치디에스(주),서울,3.1,"6,405"
391,(주)시큐아이,서울,3.1,"4,634"
392,(주)싸이버원,서울,3.1,"3,639"
393,(주)케이아이엔엑스,서울,3.1,"4,503"
394,씨제이시스템즈(주),경기,3.1,"4,654"
395,와이즈에프엔(주),서울,3.1,"3,871"
396,웰게이트(주),서울,3.1,"3,601"
397,이파트(주),서울,3.1,"2,502"
398,(주)에코시안,서울,3.1,"3,525"
399,(주)폴라리스오피스,서울,3.1,"4,085"
400,(주)퓨전소프트,대구,3.1,"3,489"
401,다날(주),경기,3.1,"4,607"
402,에스케이커뮤니케이션즈(주),서울,3.1,"5,525"
403,코오롱베니트(주),경기,3.1,"6,175"
404,팀윙크(주),서울,3.1,"4,619"
405,(주)두핸즈,서울,3.0,"3,720"
406,(주)생각연구소,서울,3.0,"3,709"
407,(주)아이웍스인터렉티브,서울,3.0,"3,904"
408,(주)아이티센,서울,3.0,"4,039"
409,(주)위즈커뮤니케이션,서울,3.0,"3,411"
410,(주)카드밴넷,서울,3.0,"2,588"
411,(주)투스라이프,경기,3.0,"3,089"
412,메타넷글로벌(유),서울,3.0,"8,567"
413,새롬씨앤씨(주),서울,3.0,"3,678"
414,아이엘포유(주),서울,3.0,"2,313"
415,아이티에스코(주),서울,3.0,"4,272"
416,(주)메이드인헤븐,서울,3.0,"3,512"
417,(주)벤디스,서울,3.0,"3,585"
418,(주)신성씨앤에스,서울,3.0,"2,574"
419,(주)엔드림,서울,3.0,"4,044"
420,디에스티인터내셔날(주),서울,3.0,"3,980"
421,앤커웨이브(주),서울,3.0,"2,869"
422,엠아이큐브솔루션(주),서울,3.0,"3,957"
423,위트콤(주),서울,3.0,"4,452"
424,킹스정보통신(주),경기,3.0,"3,346"
425,(주)마이셀럽스,서울,3.0,"3,660"
426,(주)에스에스알,서울,3.0,"3,643"
427,(주)에이에스피엔,서울,3.0,"4,301"
428,(주)제페토,서울,3.0,"3,349"
429,(주)키메디,서울,3.0,"4,330"
430,넷마블네오(주),서울,3.0,"4,172"
431,드림라인,경기,3.0,"4,212"
432,뱅크웨어글로벌(주),서울,3.0,"5,473"
433,알서포트(주),서울,3.0,"4,276"
434,에스피테크놀러지(주),서울,3.0,"4,743"
435,이지위드(주),서울,3.0,"3,894"
436,케이아이티밸리(주),서울,3.0,"3,959"
437,(주)알앤비소프트,경기,3.0,"4,609"
438,(주)원티드랩,서울,3.0,"3,950"
439,요기요,서울,3.0,"3,260"
440,(주)넥서스커뮤니티,서울,3.0,"4,895"
441,(주)뉴링크,서울,3.0,"3,143"
442,(주)다인리더스,서울,3.0,"2,413"
443,(주)덱스인트게임즈,서울,3.0,"3,459"
444,(주)드림시스,서울,3.0,"3,430"
445,(주)디지캡,서울,3.0,"4,594"
446,(주)사람인에이치알,서울,3.0,"4,221"
447,(주)씨디네트웍스,서울,3.0,"5,820"
448,(주)오픈오브젝트,서울,3.0,"3,751"
449,(주)온고테크,서울,3.0,"3,951"
450,(주)지니웍스,서울,3.0,"3,199"
451,(주)콘텐츠브릿지,서울,3.0,"2,995"
452,(주)휴머스온,서울,3.0,"3,985"
453,나라이비즈니스(주),서울,3.0,"3,163"
454,슈어소프트테크(주),서울,3.0,"3,863"
455,아이쿱(주),서울,3.0,"1,596"
456,아임에버(주),경기,3.0,"2,725"
457,지멘스인더스트리소프트웨어(주),서울,3.0,"10,389"
458,펜타시큐리티시스템(주),서울,3.0,"4,667"
459,포위즈시스템(주),대구,3.0,"3,108"
460,(주)빗썸코리아,서울,3.0,"5,424"
461,(주)포스코아이씨티,경북,3.0,"6,512"
462,와디즈,경기,3.0,"3,332"
463,와치텍(주),서울,3.0,"4,092"
464,(주)스톰미디어,서울,3.0,"2,922"
465,(주)이노피아테크,경기,3.0,"5,131"
466,케이아이에스정보통신(주),서울,3.0,"7,763"
467,한솔인티큐브(주),서울,3.0,"5,755"
468,(주)바이브컴퍼니,서울,3.0,"4,786"
469,(주)에이투엠,대전,3.0,"3,154"
470,(주)원웨어,경기,3.0,"3,983"
471,(주)티맥스데이터,경기,3.0,"5,298"
472,(주)플랜아이,대전,3.0,"2,707"
473,라온엔터테인먼트(주),대구,3.0,"3,409"
474,비에네스소프트(주),서울,3.0,"3,793"
475,스콥정보통신(주),서울,3.0,"3,993"
476,엔파인(주),경기,3.0,"3,771"
477,유라클(주),서울,3.0,"4,256"
478,한진정보통신(주),서울,3.0,"6,284"
479,(주)농협정보시스템,서울,3.0,"6,410"
480,(주)알에스엔,경기,3.0,"3,006"
481,(주)윌비소프트,서울,3.0,"3,562"
482,(주)코리아메디케어,서울,3.0,"3,050"
483,(주)한컴엠디에스,경기,3.0,"4,056"
484,(주)휴먼웍스,서울,3.0,"2,842"
485,네오위즈아이엔에스(주),경기,3.0,"2,459"
486,맵퍼스(주),서울,3.0,"3,534"
487,에임투지(주),서울,3.0,"3,248"
488,엔에이치엔한국사이버결제(주),서울,3.0,"3,695"
489,오픈잇(주),서울,3.0,"3,460"
490,올포랜드(주),전북,3.0,"3,437"
491,이지케어텍(주),서울,3.0,"5,939"
492,(주)씨에이씨컴퍼니,서울,3.0,"2,850"
493,시지온(주),서울,3.0,"2,973"
494,아이티와이즈컨설팅(주),서울,3.0,"5,395"
495,엔시큐어(주),서울,3.0,"4,364"
496,웨이즈원(주),경기,3.0,"3,055"
497,이스라비젼코리아(주),경기,3.0,"3,992"
498,(주)누리어시스템,경기,2.9,"3,292"
499,(주)미소정보기술,서울,2.9,"4,200"
500,(주)산업마케팅,서울,2.9,"3,155"
501,(주)스마일게이트메가포트,경기,2.9,"4,868"
502,(주)아이비케이시스템,서울,2.9,"6,311"
503,(주)영림원소프트랩,서울,2.9,"4,087"
504,(주)예람,대전,2.9,"2,456"
505,(주)유비온,서울,2.9,"4,036"
506,(주)케이티디에스,서울,2.9,"5,596"
507,여기어때,서울,2.9,"3,752"
508,한국정보시스템,서울,2.9,"3,827"
509,(주)랭크업,서울,2.9,"2,171"
510,(주)메이머스트,서울,2.9,"3,139"
511,(주)싸인텔레콤,서울,2.9,"4,003"
512,스카이에듀(주),경기,2.9,"3,092"
513,아이투맥스(주),서울,2.9,"4,814"
514,카닥,서울,2.9,"4,374"
515,(주)레뷰코퍼레이션,서울,2.9,"3,166"
516,(주)리얼시큐,부산,2.9,"2,683"
517,(주)발란,서울,2.9,"4,400"
518,(주)유젠,서울,2.9,"3,719"
519,(주)이포넷,서울,2.9,"3,632"
520,(주)프레임아웃,서울,2.9,"3,249"
521,넥슨네트웍스(주),제주,2.9,"2,755"
522,브레인즈컴퍼니(주),서울,2.9,"4,301"
523,에프에이솔루션(주),서울,2.9,"3,432"
524,인피니트헬스케어(주),서울,2.9,"4,116"
525,키네마스터(주),서울,2.9,"5,830"
526,티오이십일(주),서울,2.9,"4,571"
527,(주)아이패밀리에스씨,서울,2.9,"3,568"
528,(주)잉크와오피스,서울,2.9,"2,742"
529,블룸버그코리아(유),서울,2.9,"4,695"
530,엔트리브소프트,경기,2.9,"4,356"
531,위사(주),서울,2.9,"2,981"
532,휴빌론,서울,2.9,"4,267"
533,(주)가온데이터,서울,2.9,"3,535"
534,(주)강남엄마,서울,2.9,"3,633"
535,(주)굿센,서울,2.9,"3,547"
536,(주)네오위즈블레스스튜디오,경기,2.9,"4,822"
537,(주)에이치나인,서울,2.9,"3,249"
538,(주)엑스바엑스,서울,2.9,"2,947"
539,(주)엔더블유홀딩스,서울,2.9,"2,977"
540,(주)이씨오,서울,2.9,"4,050"
541,뉴로핏(주),서울,2.9,"4,330"
542,미라콤아이앤씨(주),서울,2.9,"5,275"
543,아시아나아이디티(주),서울,2.9,"6,071"
544,온오프믹스(주),서울,2.9,"2,575"
545,인포뱅크(주),경기,2.9,"5,131"
546,한국공간정보통신(주),서울,2.9,"3,233"
547,(주)나딕게임즈,서울,2.9,"3,474"
548,(주)씨알에스큐브,서울,2.9,"3,615"
549,(주)인라이플,서울,2.9,"2,920"
550,(주)케이티엠하우스,서울,2.9,"4,605"
551,(주)콤텍시스템,서울,2.9,"3,953"
552,(주)토마토시스템,서울,2.9,"3,965"
553,(주)트리짓소프트웨어,경기,2.9,"3,215"
554,바른경제티브이(주),서울,2.9,"3,613"
555,바이텍씨스템(주),경기,2.9,"4,584"
556,씨제이올리브네트웍스(주),경기,2.9,"7,292"
557,애니펜(주),경기,2.9,"3,336"
558,에스케이엠앤서비스(주),서울,2.9,"2,807"
559,한국정보인증(주),경기,2.9,"5,559"
560,현대엠엔소프트(주),서울,2.9,"7,178"
561,휴넷(주),서울,2.9,"3,788"
562,(주)다비오,서울,2.9,"4,378"
563,(주)동아닷컴,서울,2.9,"4,112"
564,(주)쓰리디팩토리,서울,2.9,"3,496"
565,(주)에즈웰플러스,서울,2.9,"4,620"
566,(주)엔에이치엔다이퀘스트,서울,2.9,"3,639"
567,(주)오픈베이스,서울,2.9,"4,541"
568,누리미디어(주),서울,2.9,"3,541"
569,도시바삼성스토리지테크놀러지코리아(주),경기,2.9,"8,436"
570,모바일리더(주),서울,2.9,"4,108"
571,아이디에스앤트러스트(주),서울,2.9,"4,562"
572,웹케시(주),서울,2.9,"4,885"
573,코드마(주),서울,2.9,"2,913"
574,크루메이트(주),서울,2.9,"3,519"
575,텔코웨어(주),서울,2.9,"6,049"
576,한경닷컴(주),서울,2.9,"3,968"
577,(주)레진엔터테인먼트,서울,2.9,"3,565"
578,(주)시큐어원,서울,2.9,"3,605"
579,(주)유비케어,서울,2.9,"4,566"
580,(주)피플인사이드,서울,2.9,"3,095"
581,(주)헤리트,경기,2.9,"4,061"
582,사이버이메지네이션(주),서울,2.9,"3,546"
583,신세계아이앤씨(주),서울,2.9,"6,719"
584,에스넷시스템(주),서울,2.9,"5,376"
585,유한테크노스(주),서울,2.9,"3,733"
586,이크레더블(주),서울,2.9,"4,666"
587,자우미디어(주),서울,2.9,"3,276"
588,(주)먼슬리키친,서울,2.9,"3,800"
589,(주)미디어로그,서울,2.9,"4,618"
590,(주)아이티키,서울,2.9,"2,647"
591,(주)윈스,경기,2.9,"3,519"
592,(주)유웨이,서울,2.9,"3,473"
593,(주)정도유아이티,서울,2.9,"3,789"
594,(주)지오투정보기술,경기,2.9,"3,558"
595,(주)코어인프라,경기,2.9,"2,567"
596,(주)타임게이트,서울,2.9,"5,361"
597,(주)투비웨이,경기,2.9,"4,532"
598,드림익스큐션(주),서울,2.9,"3,299"
599,에스케이오앤에스(주),서울,2.9,"2,933"
600,인베니아(주),경기,2.9,"4,332"
601,(주)넷앤드,서울,2.9,"3,981"
602,(주)누리플렉스,서울,2.9,"4,688"
603,(주)웹젠,경기,2.9,"5,598"
604,(주)자이트솔루션,서울,2.9,"3,365"
605,(주)채플린게임,서울,2.9,"4,110"
606,다쏘시스템코리아(주),서울,2.9,"9,115"
607,엑스아이티(주),서울,2.9,"3,200"
608,오지큐(주),서울,2.9,"3,628"
609,큐램(주),경기,2.9,"4,196"
610,(주)모빌씨앤씨,서울,2.8,"3,431"
611,(주)유디아이디,서울,2.8,"3,140"
612,(주)티모넷,서울,2.8,"4,713"
613,(주)티사이언티픽,서울,2.8,"4,084"
614,교보정보통신(주),서울,2.8,"5,144"
615,레드덕(주),서울,2.8,"4,606"
616,십이지(주),서울,2.8,"2,079"
617,아시아경제신문사(주),서울,2.8,"3,578"
618,아지앙스코리아(주),서울,2.8,"3,052"
619,한일네트웍스(주),서울,2.8,"4,027"
620,호스트웨이아이디씨(주),경기,2.8,"3,420"
621,(주)달콤소프트,서울,2.8,"2,800"
622,(주)메일플러그,서울,2.8,"2,936"
623,(주)바이널씨,서울,2.8,"3,958"
624,(주)셀바스에이아이,서울,2.8,"5,600"
625,(주)시티랩스,경기,2.8,"3,307"
626,(주)야놀자,서울,2.8,"3,757"
627,(주)엔텔스,서울,2.8,"5,666"
628,(주)이지에이치엘디,서울,2.8,"3,561"
629,(주)지앤지커머스,서울,2.8,"3,490"
630,기웅정보통신(주),서울,2.8,"4,897"
631,미래아이콘(주),서울,2.8,"2,903"
632,비에스지파트너스(주),서울,2.8,"5,348"
633,스테이션3(주),서울,2.8,"3,090"
634,아이엠씨게임즈(주),서울,2.8,"3,279"
635,에임시스템(주),경기,2.8,"4,687"
636,오토브레인(주),서울,2.8,"2,813"
637,(주)버티고우게임즈,서울,2.8,"4,183"
638,(주)아리시스,서울,2.8,"3,891"
639,(주)이카운트,서울,2.8,"4,139"
640,(주)코비젼,서울,2.8,"3,915"
641,(주)테르텐,서울,2.8,"3,513"
642,(주)필라넷,서울,2.8,"4,691"
643,더벨(주),서울,2.8,"5,615"
644,데이타뱅크시스템즈(주),대구,2.8,"3,515"
645,리본즈코리아(주),서울,2.8,"2,487"
646,미디어웹(주),서울,2.8,"4,106"
647,블리자드엔터테인먼트(유),서울,2.8,"5,233"
648,씨이랩(주),서울,2.8,"3,438"
649,(주)데이타솔루션,서울,2.8,"3,564"
650,(주)에코아이티,서울,2.8,"2,823"
651,(주)위버스마인드,서울,2.8,"2,572"
652,(주)인젠트,서울,2.8,"4,700"
653,(주)진앤현시큐리티,서울,2.8,"3,166"
654,위니텍(주),대구,2.8,"3,587"
655,퓨렌스(주),서울,2.8,"3,248"
656,한국콩스버그마리타임(주),부산,2.8,"6,012"
657,(주)뷰메진,서울,2.8,"4,025"
658,(주)아이온커뮤니케이션즈,서울,2.8,"4,337"
659,(주)에프앤가이드,서울,2.8,"5,005"
660,(주)온라인파워스,서울,2.8,"3,332"
661,(주)와이지플러스,서울,2.8,"3,931"
662,(주)웹브라이트,서울,2.8,"2,461"
663,(주)제이비티,서울,2.8,"3,276"
664,(주)칸투칸,부산,2.8,"3,215"
665,(주)케이티알파,서울,2.8,"5,534"
666,(주)후퍼,서울,2.8,"2,803"
667,게임로프트(주),서울,2.8,"4,090"
668,대원씨앤씨(주),서울,2.8,"2,647"
669,지플러스(주),충북,2.8,"2,169"
670,티온네트워크(주),서울,2.8,"4,407"
671,한미아이티(주),서울,2.8,"5,060"
672,(주)디유넷,서울,2.8,"3,486"
673,(주)모비릭스,서울,2.8,"4,269"
674,(주)삼보컴퓨터,경기,2.8,"3,899"
675,(주)소프트센,서울,2.8,"4,863"
676,(주)즐거운,서울,2.8,"2,439"
677,(주)티맥스소프트,경기,2.8,"5,865"
678,메타빌드(주),서울,2.8,"3,965"
679,미스터블루(주),서울,2.8,"3,399"
680,엠토스솔루션스(주),서울,2.8,"2,753"
681,키즈노트(주),서울,2.8,"3,735"
682,토비스(주),인천,2.8,"7,513"
683,휴엔시스템(주),서울,2.8,"3,834"
684,(주)미궁365,서울,2.8,"3,350"
685,(주)솔트룩스,서울,2.8,"3,794"
686,(주)예스콜닷컴,서울,2.8,"2,644"
687,(주)중고나라,서울,2.8,"3,927"
688,(주)투비소프트,서울,2.8,"4,709"
689,(주)티몬,서울,2.8,"4,426"
690,비디(주),서울,2.8,"4,702"
691,비즈웰(주),경기,2.8,"3,729"
692,아이엔소프트(주),서울,2.8,"4,036"
693,아이티젠(주),서울,2.8,"3,610"
694,애니파이브(주),서울,2.8,"3,476"
695,에릭슨엘지엔터프라이즈(주),경기,2.8,"7,934"
696,평화이즈(주),서울,2.8,"4,515"
697,(주)브랜디,서울,2.8,"3,239"
698,(주)아이센트,서울,2.8,"4,437"
699,(주)아이하트,서울,2.8,"3,349"
700,(주)에쓰씨케이,서울,2.8,"4,630"
701,(주)에이앤티솔루션,서울,2.8,"4,446"
702,(주)펜타브리드,서울,2.8,"3,279"
703,(주)홈페이지코리아,서울,2.8,"2,334"
704,넛지헬스케어(주),서울,2.8,"3,797"
705,소프트닉스(주),서울,2.8,"4,457"
706,아이뉴스24(주),서울,2.8,"3,454"
707,이랜드시스템스(주),서울,2.8,"4,838"
708,효성아이티엑스(주),서울,2.8,"2,843"
709,(유)미소,서울,2.8,"3,019"
710,(주)굿닥,서울,2.8,"5,486"
711,(주)두루안,서울,2.8,"3,471"
712,(주)메트릭스코퍼레이션,서울,2.8,"3,859"
713,(주)웨이버스,서울,2.8,"4,133"
714,(주)유프리즘,서울,2.8,"3,377"
715,(주)한싹,서울,2.8,"4,674"
716,나우온플레이(주),서울,2.8,"2,367"
717,동은정보기술(주),경기,2.8,"4,709"
718,아이씨티웨이(주),경기,2.8,"4,133"
719,아이캔매니지먼트(주),서울,2.8,"3,393"
720,에스씨지솔루션즈(주),서울,2.8,"3,834"
721,에스티에이테스팅컨설팅,서울,2.8,"3,587"
722,위엠비(주),서울,2.8,"4,247"
723,이데일리(주),서울,2.8,"4,492"
724,(주)대우루컴즈,경기,2.8,"3,705"
725,(주)디케이아이테크놀로지,서울,2.8,"3,650"
726,(주)새하컴즈,서울,2.8,"3,908"
727,(주)에스큐브아이,서울,2.8,"4,213"
728,(주)와이더플래닛,서울,2.8,"4,025"
729,(주)판도라티비,경기,2.8,"2,992"
730,네오넥스소프트(주),서울,2.8,"3,739"
731,디플럭스씨앤씨(주),서울,2.8,"2,245"
732,베스핀글로벌(주),서울,2.8,"5,056"
733,아이러시(주),서울,2.8,"3,594"
734,아이와이씨앤씨(주),서울,2.8,"3,294"
735,엑스엔시스템즈(주),서울,2.8,"3,445"
736,틱톡,서울,2.8,"4,057"
737,팅크웨어(주),경기,2.8,"3,961"
738,한국가상현실(주),서울,2.8,"3,641"
739,한국전자인증(주),서울,2.8,"3,987"
740,헬로우파이브(주),서울,2.8,"3,085"
741,(주)다래전략사업화센터,서울,2.7,"3,332"
742,(주)오마이뉴스,서울,2.7,"3,619"
743,(주)후이즈,서울,2.7,"3,219"
744,월급날(주),서울,2.7,"2,668"
745,유한책임회사앤서스랩코리아,서울,2.7,"5,449"
746,케이씨씨정보통신(주),서울,2.7,"3,516"
747,(주)넷맨,서울,2.7,"3,819"
748,(주)도움이티에스,서울,2.7,"2,797"
749,(주)디비아이엔씨,서울,2.7,"4,855"
750,(주)리틀팍스,서울,2.7,"3,636"
751,(주)맑음,서울,2.7,"2,717"
752,(주)비즈니스인사이트,서울,2.7,"3,791"
753,(주)씽크트리,서울,2.7,"1,972"
754,(주)잉카인터넷,서울,2.7,"3,300"
755,(주)한국미디어네트워크,서울,2.7,"3,432"
756,골든플래닛(주),서울,2.7,"3,308"
757,토피아정보기술(주),서울,2.7,"2,594"
758,(주)레몬헬스케어,서울,2.7,"3,995"
759,(주)스터디맥스,서울,2.7,"2,934"
760,(주)엔에스에이치씨,서울,2.7,"3,809"
761,(주)인사이드정보,서울,2.7,"3,169"
762,게임빌(주),서울,2.7,"3,900"
763,엠앤디(주),서울,2.7,"4,282"
764,이노스닷컴(주),서울,2.7,"2,546"
765,콤텍정보통신(주),서울,2.7,"3,611"
766,테크빌교육(주),서울,2.7,"3,673"
767,프렌트립(주),서울,2.7,"3,299"
768,(주)나온소프트,서울,2.7,"3,515"
769,(주)뉴젠솔루션,서울,2.7,"4,143"
770,(주)산하정보기술,서울,2.7,"3,741"
771,(주)에프에스솔루션,경기,2.7,"3,420"
772,(주)케이티씨에스,대전,2.7,"2,342"
773,(주)환경과학기술,서울,2.7,"3,819"
774,대우정보시스템(주),서울,2.7,"6,121"
775,롯데정보통신(주),서울,2.7,"5,252"
776,메가넥스트(주),서울,2.7,"3,577"
777,소프트캠프(주),경기,2.7,"4,292"
778,지니키즈(주),서울,2.7,"3,212"
779,하이브랩(주),경기,2.7,"3,326"
780,(주)가민정보시스템,광주,2.7,"2,650"
781,(주)골드넥스,서울,2.7,"2,343"
782,(주)뉴스토마토,서울,2.7,"3,794"
783,(주)도브투래빗,서울,2.7,"3,373"
784,(주)세정아이앤씨,부산,2.7,"4,406"
785,(주)아프리카티비,경기,2.7,"3,788"
786,(주)얍컴퍼니,서울,2.7,"4,618"
787,(주)엔씨아이티에스,경기,2.7,"3,423"
788,(주)이노트리,서울,2.7,"4,065"
789,나무커뮤니케이션(주),서울,2.7,"3,344"
790,누림소프트(주),대전,2.7,"3,231"
791,도전하는사람들(주),서울,2.7,"3,963"
792,메가존클라우드(주),서울,2.7,"4,512"
793,모바일웍스코리아(주),서울,2.7,"3,481"
794,씽크풀(주),서울,2.7,"3,632"
795,아임굿(주),서울,2.7,"2,035"
796,엠텔레텍(주),서울,2.7,"3,440"
797,인포벨리코리아(주),경기,2.7,"3,228"
798,(주)매스티지,인천,2.7,"2,275"
799,(주)비아이매트릭스,서울,2.7,"5,189"
800,(주)엠씨에스텍,서울,2.7,"2,773"
801,(주)캐스트이즈,서울,2.7,"3,547"
802,웹케시네트웍스(주),서울,2.7,"3,329"
803,유니닥스(주),서울,2.7,"3,316"
804,퀸텟시스템즈(주),서울,2.7,"3,900"
805,한국모바일인증(주),서울,2.7,"3,490"
806,(주)에프앤자산평가,서울,2.7,"3,414"
807,(주)웹젠온네트,경기,2.7,"4,078"
808,브라이니클,서울,2.7,"4,407"
809,안리쓰코퍼레이션(주),경기,2.7,"6,893"
810,어썸엔터테인먼트(주),서울,2.7,"3,370"
811,오픈타이드코리아(주),서울,2.7,"5,040"
812,제이유엑스(주),서울,2.7,"3,227"
813,타파크로스(주),서울,2.7,"3,019"
814,(주)디지털다임,서울,2.7,"3,588"
815,(주)스마일서브,경기,2.7,"2,990"
816,(주)제이티넷,서울,2.7,"5,238"
817,(주)팬택씨앤아이,서울,2.7,"5,457"
818,(주)한국네트웍스,서울,2.7,"6,246"
819,노아에이티에스(주),서울,2.7,"5,181"
820,더핑크퐁컴퍼니(주),서울,2.7,"4,399"
821,메가존(주),서울,2.7,"3,904"
822,스타일쉽(주),서울,2.7,"3,137"
823,스포츠투아이(주),서울,2.7,"3,312"
824,씨온드림(주),서울,2.7,"2,499"
825,인프니스네트웍스(주),서울,2.7,"4,319"
826,줌인터넷(주),서울,2.7,"3,781"
827,(주)두꺼비세상,서울,2.7,"3,708"
828,(주)미트박스글로벌,서울,2.7,"3,911"
829,(주)에스아이티,경기,2.7,"5,784"
830,(주)이글루코퍼레이션,서울,2.7,"3,717"
831,(주)주연테크,서울,2.7,"2,981"
832,넥스브레인(주),서울,2.7,"4,306"
833,뉴윈텍(주),서울,2.7,"4,450"
834,디비에프아이에스(주),서울,2.7,"4,809"
835,블루버드(주),서울,2.7,"5,460"
836,스카우트(주),서울,2.7,"2,708"
837,씨엔티테크(주),서울,2.7,"2,095"
838,아이시프트(주),서울,2.7,"3,257"
839,인터랙티비(주),서울,2.7,"4,187"
840,크리스피드(주),서울,2.7,"3,477"
841,한국아이비엠테크니컬솔루션(유),경기,2.7,"3,952"
842,(재)행복아이씨티,서울,2.7,"3,418"
843,(주)네이블커뮤니케이션즈,서울,2.7,"5,192"
844,(주)아이비즈소프트웨어,서울,2.7,"3,231"
845,(주)에어코드,서울,2.7,"4,358"
846,(주)엘루오씨앤씨,서울,2.7,"3,738"
847,(주)이포즌,서울,2.7,"4,190"
848,(주)인투데이타시스템,서울,2.7,"2,766"
849,(주)트윔,경기,2.7,"3,458"
850,(주)파인원커뮤니케이션즈,서울,2.7,"4,100"
851,(주)푸드나무,서울,2.7,"1,954"
852,(주)핑거,서울,2.7,"4,610"
853,매그넘빈트(주),서울,2.7,"3,271"
854,바이텍정보통신(주),경기,2.7,"4,873"
855,선도소프트(주),서울,2.7,"3,022"
856,에덴레드코리아(주),서울,2.7,"3,175"
857,에이치엔아이엔씨(주),서울,2.7,"5,161"
858,위즈코어(주),서울,2.7,"4,241"
859,케이엘넷(주),서울,2.7,"4,530"
860,(주)넷아이디,서울,2.6,"2,379"
861,(주)드림어스컴퍼니,서울,2.6,"4,487"
862,(주)리코시스,서울,2.6,"3,607"
863,(주)엠에스티씨,경기,2.6,"2,774"
864,(주)유티플러스인터랙티브,경기,2.6,"4,144"
865,(주)제이씨원,서울,2.6,"4,495"
866,(주)포시에스,서울,2.6,"3,957"
867,링인터랙티브(주),서울,2.6,"2,950"
868,잘레시아(주),서울,2.6,"4,819"
869,(주)디지틀조선일보,서울,2.6,"4,004"
870,(주)레전더리스,서울,2.6,"3,041"
871,(주)스마일벤처스,서울,2.6,"3,288"
872,(주)아이엠비씨,서울,2.6,"5,322"
873,(주)이테크시스템,서울,2.6,"4,695"
874,(주)지앤티솔루션,서울,2.6,"3,832"
875,(주)케이티스,서울,2.6,"2,402"
876,(주)크로니아이티,서울,2.6,"3,304"
877,동방에스앤디(주),서울,2.6,"4,225"
878,마이뮤직테이스트,서울,2.6,"2,846"
879,엔에이치엔커머스(주),서울,2.6,"3,379"
880,예스이십사(주),서울,2.6,"3,669"
881,(주)글루시스,경기,2.6,"3,375"
882,(주)디지털플래닝,서울,2.6,"2,390"
883,(주)상아매니지먼트컨설팅,서울,2.6,"4,498"
884,(주)에티버스,서울,2.6,"4,498"
885,(주)와이드티엔에스,서울,2.6,"3,784"
886,(주)와이즈넛,경기,2.6,"3,580"
887,(주)지메이트시스템즈,서울,2.6,"2,398"
888,대교씨엔에스(주),서울,2.6,"4,365"
889,디에이인포메이션(주),서울,2.6,"5,113"
890,마크애니(주),서울,2.6,"4,338"
891,부뜰정보시스템(주),서울,2.6,"3,629"
892,에이케이아이에스(주),서울,2.6,"4,734"
893,웹모아(주),서울,2.6,"2,470"
894,유클릭(주),서울,2.6,"4,593"
895,현대 유엔아이(주),서울,2.6,"4,799"
896,(주)수산아이앤티,서울,2.6,"4,073"
897,(주)아크라인소프트,서울,2.6,"3,102"
898,(주)위딧,울산,2.6,"2,857"
899,(주)포씨게이트,서울,2.6,"3,998"
900,(주)하만인터내셔널코리아,서울,2.6,"6,991"
901,아이덴티티게임즈(주),서울,2.6,"4,066"
902,에이텍(주),경기,2.6,"3,525"
903,유플러스아이티(주),서울,2.6,"2,784"
904,(주)엔티시스,서울,2.6,"2,873"
905,넥스젠어쏘시에이트(주),서울,2.6,"3,175"
906,바른손게임즈(주),경기,2.6,"2,585"
907,비앤디(주),대구,2.6,"3,202"
908,에이팀벤처스(주),서울,2.6,"3,235"
909,엔타즈(주),서울,2.6,"2,741"
910,지온네트웍스(주),서울,2.6,"3,733"
911,플랜티넷(주),경기,2.6,"4,772"
912,(주)솔로몬텍,서울,2.6,"3,080"
913,(주)씨아이솔루션,서울,2.6,"3,196"
914,(주)아티언스,서울,2.6,"3,035"
915,(주)주인정보시스템,서울,2.6,"3,504"
916,동원씨앤에스(주),서울,2.6,"2,324"
917,엘토브(주),서울,2.6,"3,275"
918,오브젠(주),서울,2.6,"5,145"
919,유젠플랜에이(주),서울,2.6,"3,192"
920,이노라임(주),서울,2.6,"4,712"
921,한국지역정보개발원,서울,2.6,"3,943"
922,(주)비즈니스온커뮤니케이션,서울,2.6,"3,739"
923,(주)신한디에스,서울,2.6,"5,194"
924,(주)이모션글로벌,서울,2.6,"3,305"
925,(주)커리어넷,서울,2.6,"2,094"
926,공간정보기술(주),경기,2.6,"2,737"
927,디지엠정보기술(주),경기,2.6,"2,426"
928,디지털아이디어(주),경기,2.6,"3,504"
929,메리트인(주),서울,2.6,"1,927"
930,씨에스쉐어링(주),서울,2.6,"2,500"
931,오큐브(주),대구,2.6,"4,468"
932,프람트(주),서울,2.6,"3,424"
933,화이트정보통신(주),서울,2.6,"3,580"
934,(주)뉴스1,서울,2.6,"3,120"
935,(주)비아이씨엔에스,경기,2.6,"4,127"
936,(주)아이닉스소프트,서울,2.6,"3,173"
937,(주)엔키아,경기,2.6,"4,093"
938,(주)진코퍼레이션,서울,2.6,"3,754"
939,(주)코리아센터,서울,2.6,"3,460"
940,(주)파오스파트너스,서울,2.6,"2,913"
941,(주)해피라이징,서울,2.6,"3,154"
942,넥스트리소프트(주),서울,2.6,"4,243"
943,동양네트웍스(주),서울,2.6,"5,765"
944,올엠(주),서울,2.6,"3,545"
945,인크루트알바콜(주),서울,2.6,"2,863"
946,진두아이에스(주),서울,2.6,"3,530"
947,(주)데이타솔루션,서울,2.6,"3,880"
948,(주)동훈아이텍,서울,2.6,"4,013"
949,(주)두잇시스템,서울,2.6,"3,426"
950,(주)라이온브리지테크놀로지스코리아,서울,2.6,"3,639"
951,(주)리얼야구존,서울,2.6,"3,778"
952,(주)스마트소셜,부산,2.6,"2,895"
953,(주)싸이웍스,서울,2.6,"3,021"
954,(주)써머스플랫폼,서울,2.6,"2,971"
955,(주)애자일소다,서울,2.6,"3,342"
956,(주)위메프,서울,2.6,"2,874"
957,(주)지에스아이티엠,서울,2.6,"5,348"
958,(주)트립일레븐,서울,2.6,"2,530"
959,(주)핀업,경기,2.6,"3,404"
960,네오위드넷(주),경기,2.6,"4,115"
961,버츄얼빌더스(주),서울,2.6,"4,115"
962,브레인넷(주),서울,2.6,"3,645"
963,비즈피어(주),서울,2.6,"6,764"
964,크림하우스(주),서울,2.6,"3,249"
965,(주)멸치,서울,2.6,"3,809"
966,(주)비즈스프링,서울,2.6,"3,411"
967,(주)펀진,서울,2.6,"3,758"
968,넷마블몬스터(주),서울,2.6,"4,063"
969,씨비에스아이(주),서울,2.6,"3,158"
970,아이티사이언스(주),경기,2.6,"3,803"
971,아홉(유),서울,2.6,"3,282"
972,에스지데이타(주),서울,2.6,"4,302"
973,엑스큐어(주),경기,2.6,"4,143"
974,이패스코리아(주),서울,2.6,"3,293"
975,인터솔루션테크놀로지(주),서울,2.6,"2,379"
976,(주)어스얼라이언스,서울,2.5,"2,793"
977,(주)오픈소스컨설팅,서울,2.5,"5,294"
978,(주)파워젠,서울,2.5,"4,412"
979,(주)플레이오토,서울,2.5,"2,677"
980,디비비전(주),서울,2.5,"4,661"
981,디앤아이컨설팅(주),서울,2.5,"4,108"
982,디케이유엔씨(주),서울,2.5,"4,859"
983,로지스팟(주),서울,2.5,"3,670"
984,상상스토리(주),서울,2.5,"2,835"
985,통로이미지(주),서울,2.5,"3,512"
986,한빛소프트(주),서울,2.5,"3,306"
987,(주)그리드원,서울,2.5,"4,169"
988,(주)네오리진,서울,2.5,"4,637"
989,(주)써스포,서울,2.5,"2,506"
990,(주)아이티굿,경기,2.5,"3,181"
991,(주)에이블스토어,서울,2.5,"2,498"
992,(주)와이어트,서울,2.5,"3,727"
993,(주)하우리,서울,2.5,"3,387"
994,모뉴엘(주),서울,2.5,"3,590"
995,아이티메이트(주),서울,2.5,"3,502"
996,케이티뮤직(주),서울,2.5,"3,322"
997,헬스커넥트(주),서울,2.5,"4,726"
998,(주)디지털존,서울,2.5,"3,675"
999,(주)브리지텍,서울,2.5,"4,800"
1000,(주)에스피씨네트웍스,경기,2.5,"4,443"
1001,(주)케이티엠모바일,서울,2.5,"4,772"
1002,(주)토탈소프트뱅크,부산,2.5,"3,438"
1003,(주)한글과컴퓨터,경기,2.5,"5,192"
1004,(주)휴먼아이티솔루션,전남,2.5,"2,088"
1005,네오메카(주),서울,2.5,"3,743"
1006,네이버시스템(주),서울,2.5,"3,794"
1007,넥스챌(주),경기,2.5,"3,931"
1008,대아티아이(주),경기,2.5,"4,276"
1009,디지레이(주),경기,2.5,"3,625"
1010,라오니스(주),서울,2.5,"2,798"
1011,소프트원(주),서울,2.5,"4,119"
1012,쌍용정보통신(주),서울,2.5,"5,125"
1013,유비벨록스(주),서울,2.5,"4,894"
1014,이노아이(주),서울,2.5,"2,354"
1015,(재)한국통계정보원,대전,2.5,"2,965"
1016,(주)다임즈,서울,2.5,"5,068"
1017,(주)코난테크놀로지,서울,2.5,"4,400"
1018,(주)테크빌,서울,2.5,"4,746"
1019,(주)하이메디,서울,2.5,"3,542"
1020,대상정보기술(주),서울,2.5,"4,782"
1021,라이트브레인엠(주),서울,2.5,"3,163"
1022,소프트아이텍(주),대전,2.5,"3,819"
1023,엠게임(주),서울,2.5,"4,024"
1024,위메이드아이오(주),경기,2.5,"3,386"
1025,유누스(주),서울,2.5,"4,576"
1026,유빈스(주),경기,2.5,"2,799"
1027,인텔리안시스템즈(주),서울,2.5,"4,200"
1028,제오젠(주),서울,2.5,"3,679"
1029,(주)넥스지,서울,2.5,"4,297"
1030,(주)디오티스,서울,2.5,"3,644"
1031,(주)룽투코리아,해외,2.5,"3,118"
1032,(주)사이버다임,서울,2.5,"4,002"
1033,(주)아사달,서울,2.5,"3,439"
1034,(주)엘솔컴퍼니,서울,2.5,"3,396"
1035,(주)와이드모바일,서울,2.5,"2,963"
1036,(주)유니포인트,서울,2.5,"3,939"
1037,(주)유호스트,서울,2.5,"2,711"
1038,(주)포스토피아,서울,2.5,"2,775"
1039,네트빌(주),서울,2.5,"3,999"
1040,마인드원(주),서울,2.5,"4,129"
1041,마티아솔루션(주),서울,2.5,"2,874"
1042,비트러스트(주),서울,2.5,"2,426"
1043,에스씨에스프로(주),서울,2.5,"3,228"
1044,엔미디어플랫폼(주),경기,2.5,"3,472"
1045,웨더뉴스(주),서울,2.5,"3,668"
1046,키즈룹(주),서울,2.5,"3,643"
1047,키트랩스(주),서울,2.5,"2,099"
1048,티에이케이정보시스템(주),서울,2.5,"4,585"
1049,포미트(주),부산,2.5,"3,398"
1050,플라이앤컴퍼니(주) 푸드플라이,서울,2.5,"2,842"
1051,현대정보기술(주),서울,2.5,"5,501"
1052,(주)시큐브,서울,2.5,"3,704"
1053,(주)아스템즈,서울,2.5,"3,074"
1054,(주)에이시에스,서울,2.5,"3,844"
1055,대신정보통신(주),광주,2.5,"3,755"
1056,아이브스(주),서울,2.5,"4,242"
1057,한영시스텍(주),서울,2.5,"2,626"
1058,(주)북팔,서울,2.5,"2,789"
1059,(주)블루트리,서울,2.5,"3,647"
1060,(주)이지닉스,경기,2.5,"3,786"
1061,(주)이지서티,서울,2.5,"2,767"
1062,(주)인지소프트,서울,2.5,"4,564"
1063,(주)타운컴퍼니,서울,2.5,"2,394"
1064,(주)패션고코리아,서울,2.5,"4,029"
1065,(주)포잉,서울,2.5,"3,329"
1066,더화이트커뮤니케이션(주),서울,2.5,"2,886"
1067,시스게이트(주),경기,2.5,"2,641"
1068,아세테크(주),경기,2.5,"3,244"
1069,엔디에스(주),서울,2.5,"5,957"
1070,엔케이솔루션(주),부산,2.5,"3,413"
1071,이루온(주),경기,2.5,"4,067"
1072,인버스(주),서울,2.5,"3,499"
1073,지티원(주),서울,2.5,"4,231"
1074,콘센트릭스서비스코리아(유),서울,2.5,"4,164"
1075,한국통신인터넷기술(주),서울,2.5,"2,812"
1076,(주)소리자바,서울,2.5,"2,476"
1077,(주)스코넥엔터테인먼트,서울,2.5,"3,008"
1078,(주)이노그리드,서울,2.5,"3,920"
1079,(주)제이윈파트너스,서울,2.5,"4,729"
1080,(주)한국직업개발원,서울,2.5,"2,790"
1081,디케이서비스(주),제주,2.5,"2,090"
1082,어드밴텍케이알(주),서울,2.5,"4,178"
1083,에스지에이(주),서울,2.5,"2,955"
1084,코츠테크놀로지(주),경기,2.5,"3,764"
1085,(주)네오플러스,서울,2.5,"3,746"
1086,(주)망고플레이트,서울,2.5,"2,506"
1087,(주)씨유박스,서울,2.5,"3,744"
1088,(주)액토즈소프트,서울,2.5,"3,928"
1089,(주)에이쓰리시큐리티,서울,2.5,"3,138"
1090,가이스트코리아(주),서울,2.5,"3,264"
1091,더이앤엠(주),서울,2.5,"3,621"
1092,스파이어테크놀로지(주),경기,2.5,"5,051"
1093,엘지히다찌(주),서울,2.5,"5,737"
1094,테스트이앤씨(주),서울,2.5,"2,679"
1095,한국문헌정보기술(주),서울,2.5,"2,491"
1096,(주)가온아이,서울,2.5,"2,557"
1097,(주)링크프라이스,서울,2.5,"3,379"
1098,(주)매경닷컴,서울,2.5,"3,761"
1099,(주)솔루게이트,서울,2.5,"3,249"
1100,(주)애니게이트,서울,2.5,"3,901"
1101,(주)위메이드,경기,2.5,"6,365"
1102,(주)유웨이어플라이,서울,2.5,"3,925"
1103,(주)이원헬스케어,인천,2.5,"3,496"
1104,(주)인벤,경기,2.5,"2,912"
1105,리파인(주),서울,2.5,"3,763"
1106,잘만테크(주),서울,2.5,"3,204"
1107,티엔에이치(주),경기,2.5,"2,904"
1108,(주)라이프시맨틱스,서울,2.4,"4,196"
1109,(주)베스파,서울,2.4,"4,184"
1110,(주)애드캡슐소프트,서울,2.4,"3,342"
1111,(주)지어소프트,서울,2.4,"3,863"
1112,대보정보통신(주),경기,2.4,"3,634"
1113,디마이닝(주),서울,2.4,"1,633"
1114,에듀스파(주),서울,2.4,"2,879"
1115,이니텍(주),서울,2.4,"5,501"
1116,(주)다날엔터테인먼트,경기,2.4,"3,940"
1117,(주)미루시스템즈,경기,2.4,"3,753"
1118,(주)유알피시스템,서울,2.4,"4,105"
1119,(주)지텍에스,경기,2.4,"2,447"
1120,(주)티제이커뮤니케이션,서울,2.4,"3,425"
1121,(주)파티게임즈,서울,2.4,"3,941"
1122,교육지대(주),서울,2.4,"3,139"
1123,비젠트로(주),경기,2.4,"5,588"
1124,써티웨어(주),서울,2.4,"3,922"
1125,아주아이티(주),서울,2.4,"4,055"
1126,아카인텔리전스(주),서울,2.4,"2,667"
1127,케이엘정보통신(주),대전,2.4,"3,234"
1128,(주)곰앤컴퍼니,서울,2.4,"3,535"
1129,(주)더크림유니언,서울,2.4,"3,212"
1130,(주)아카넷,대전,2.4,"3,185"
1131,(주)와이드넷엔지니어링,서울,2.4,"2,496"
1132,(주)지더블유캐드코리아,서울,2.4,"3,272"
1133,(주)케이에스티모빌리티,서울,2.4,"4,449"
1134,(주)현대이지웰,서울,2.4,"3,606"
1135,나눔기술(주),서울,2.4,"5,137"
1136,모우인터렉티브(주),서울,2.4,"3,483"
1137,아이티노매즈(주),서울,2.4,"3,826"
1138,이에스이(주),경기,2.4,"3,840"
1139,이엔피게임즈(주),서울,2.4,"2,921"
1140,티시스(주),서울,2.4,"3,642"
1141,페이레터(주),서울,2.4,"4,199"
1142,(주)더체크,서울,2.4,"4,613"
1143,(주)디지텍시스템스,경기,2.4,"2,831"
1144,(주)이지팜,경기,2.4,"3,666"
1145,(주)피씨엔,서울,2.4,"3,539"
1146,메디인사이드(주),서울,2.4,"2,623"
1147,솔트웨어(주),서울,2.4,"4,026"
1148,원트리즈뮤직(주),서울,2.4,"2,973"
1149,위드시스템(주),서울,2.4,"2,629"
1150,제노이드(주),서울,2.4,"3,677"
1151,케이디디아이코리아(주),서울,2.4,"4,563"
1152,코테크시스템(주),서울,2.4,"3,824"
1153,한국후지제록스정보시스템(주),서울,2.4,"5,057"
1154,(주)넷크루즈,서울,2.4,"4,219"
1155,(주)라이클,서울,2.4,"2,793"
1156,(주)마상소프트,부산,2.4,"2,585"
1157,(주)마이테이블,서울,2.4,"2,641"
1158,(주)세포아소프트,서울,2.4,"4,326"
1159,(주)스마투스,서울,2.4,"2,964"
1160,(주)아이뱅크,서울,2.4,"2,542"
1161,(주)에이디앤스타일,서울,2.4,"3,305"
1162,(주)에이치씨인포,서울,2.4,"2,512"
1163,(주)윤커뮤니케이션즈,경기,2.4,"3,313"
1164,디나인컴즈(주),서울,2.4,"3,014"
1165,미디어포스원(주),서울,2.4,"3,588"
1166,범일정보(주),대구,2.4,"3,699"
1167,아이알링크(주),서울,2.4,"3,174"
1168,아이앤티시스템(주),서울,2.4,"3,105"
1169,아이템베이(주),서울,2.4,"3,470"
1170,애버커스(주),서울,2.4,"4,096"
1171,야긴스텍(주),서울,2.4,"3,488"
1172,엔티티코리아(주),서울,2.4,"4,678"
1173,유넷시스템(주),서울,2.4,"3,627"
1174,이씨이십일(주),서울,2.4,"4,143"
1175,이씨플라자(주),서울,2.4,"3,386"
1176,이케이(주) ,경기,2.4,"2,890"
1177,인재아이엔씨(주),경기,2.4,"3,586"
1178,후이즈홀딩스(주),서울,2.4,"3,538"
1179,(주)그라비티,서울,2.4,"4,136"
1180,(주)미래아이앤지,서울,2.4,"2,969"
1181,(주)바이오닉스진,서울,2.4,"3,521"
1182,(주)엔비티,서울,2.4,"4,136"
1183,(주)이노디스,서울,2.4,"4,391"
1184,(주)인스코비,서울,2.4,"4,446"
1185,(주)차케어스,경기,2.4,"1,936"
1186,모바일나인(주),서울,2.4,"2,382"
1187,삼양데이타시스템(주),서울,2.4,"5,508"
1188,(주)갈라랩,서울,2.4,"3,384"
1189,(주)스타랩스,서울,2.4,"4,342"
1190,(주)스토리이십일,서울,2.4,"2,177"
1191,(주)엠서클,서울,2.4,"3,716"
1192,(주)집꾸미기,서울,2.4,"3,004"
1193,나비스오토모티브시스템즈(주),부산,2.4,"3,933"
1194,동서정보기술(주),경남,2.4,"3,319"
1195,에이스텔(주),서울,2.4,"4,258"
1196,유니챌(주),서울,2.4,"3,461"
1197,(주)뉴스젤리,서울,2.4,"2,830"
1198,(주)디지아이,경기,2.4,"3,747"
1199,(주)비에스에스스포츠,서울,2.4,"3,546"
1200,(주)아이파트너즈,서울,2.4,"3,320"
1201,(주)에이블정보기술,대전,2.4,"3,838"
1202,(주)엔씨엘,서울,2.4,"2,859"
1203,(주)유엔터스,서울,2.4,"2,903"
1204,(주)취업뽀개기,서울,2.4,"2,735"
1205,(주)케이사인,서울,2.4,"3,285"
1206,(주)필라웨어,서울,2.4,"3,868"
1207,(주)핸디소프트,경기,2.4,"4,627"
1208,메디오피아테크(주),서울,2.4,"4,490"
1209,비주얼다이브(주),서울,2.4,"2,592"
1210,에이제이전시몰(주),서울,2.4,"2,972"
1211,엑스소프트(주),서울,2.4,"4,361"
1212,엔에이치엔크로센트(주),서울,2.4,"5,492"
1213,테이블매니저(주),서울,2.4,"2,587"
1214,펜타크리드(주),서울,2.4,"2,489"
1215,(주)럭스로보,서울,2.4,"4,227"
1216,(주)에어패스,부산,2.4,"3,356"
1217,(주)위세아이텍,경기,2.4,"3,736"
1218,(주)틸론,서울,2.4,"4,093"
1219,(주)파이낸셜데이타시스템,서울,2.4,"4,596"
1220,(주)퓨처젠,서울,2.4,"3,207"
1221,네티브(주),서울,2.4,"3,613"
1222,동양온라인(주),서울,2.4,"4,080"
1223,엘아이지시스템(주),서울,2.4,"5,987"
1224,와이에스케이미디어(주),서울,2.4,"3,621"
1225,제이엔테크놀러지(주),서울,2.4,"3,808"
1226,콤위즈(주),서울,2.4,"2,794"
1227,티비스톰(주),서울,2.4,"5,497"
1228,한국콤파스(주),서울,2.4,"3,097"
1229,(주)비트컴퓨터,서울,2.4,"3,525"
1230,(주)아이티뱅크,서울,2.4,"2,365"
1231,(주)에프엑스기어,서울,2.4,"5,071"
1232,(주)파스토,서울,2.4,"4,212"
1233,(주)포워드퓨처,서울,2.4,"2,403"
1234,네이버아이앤에스(주),경기,2.4,"5,313"
1235,다하미커뮤니케이션즈(주),서울,2.4,"3,609"
1236,센티널테크놀로지(주),서울,2.4,"3,087"
1237,시큐에이스(주),서울,2.4,"2,820"
1238,와이에이치데이타베이스(주),대구,2.4,"2,799"
1239,이노뎁(주),서울,2.4,"3,307"
1240,콘웰(주),경기,2.4,"5,198"
1241,(주)라온스토리,서울,2.3,"2,600"
1242,(주)올윈에듀,서울,2.3,"1,997"
1243,레디코리아(주),서울,2.3,"3,440"
1244,소리바다(주),서울,2.3,"3,385"
1245,유디엠텍(주),경기,2.3,"4,637"
1246,유시스(주),부산,2.3,"2,218"
1247,케이웨더(주),서울,2.3,"2,988"
1248,트라이패스(주),서울,2.3,"3,012"
1249,(주)더존비즈온,강원,2.3,"3,690"
1250,(주)아이콘루프,서울,2.3,"4,269"
1251,(주)에이텍시스템,경기,2.3,"2,588"
1252,(주)이노시뮬레이션,서울,2.3,"3,914"
1253,(주)컴트루테크놀로지,서울,2.3,"2,698"
1254,디노밴네트웍스(주),서울,2.3,"4,576"
1255,식신(주),서울,2.3,"3,029"
1256,오픈프레스(주),서울,2.3,"3,152"
1257,워크잡(주),부산,2.3,"2,675"
1258,코나아이(주),서울,2.3,"5,136"
1259,퍼니글루,서울,2.3,"2,244"
1260,(주)디아이티,서울,2.3,"3,708"
1261,(주)브이엔티지,서울,2.3,"4,244"
1262,(주)아이엠폼,서울,2.3,"2,490"
1263,(주)아크릴,서울,2.3,"3,689"
1264,(주)엑스큐어넷,서울,2.3,"4,539"
1265,(주)유니파이,서울,2.3,"2,468"
1266,(주)컴퓨터메이트,대구,2.3,"3,701"
1267,(주)포비즈코리아,서울,2.3,"3,466"
1268,누스코(주),서울,2.3,"3,028"
1269,라온피플(주),경기,2.3,"4,522"
1270,메뉴판닷컴(주),서울,2.3,"3,387"
1271,빌포스트(주),서울,2.3,"3,991"
1272,아이피그룹(주),서울,2.3,"3,288"
1273,위두커뮤니케이션즈(주),서울,2.3,"2,925"
1274,인포젠(주),서울,2.3,"3,500"
1275,(주)스마트인피니,서울,2.3,"3,517"
1276,(주)신라시스템,대구,2.3,"2,499"
1277,(주)아비드이앤에프,서울,2.3,"3,083"
1278,(주)인터메이저,서울,2.3,"2,483"
1279,(주)케이디정보기술,서울,2.3,"3,257"
1280,갤럭시아머니트리(주),서울,2.3,"4,604"
1281,닷네임코리아(주),서울,2.3,"1,852"
1282,모렌소프트(주),서울,2.3,"2,908"
1283,아라기술(주),대전,2.3,"5,542"
1284,지오시스지마켓,서울,2.3,"3,207"
1285,코디얼(주),서울,2.3,"4,515"
1286,하나아이앤에스(주),인천,2.3,"5,947"
1287,(주)미니게이트,서울,2.3,"3,972"
1288,(주)바른손이앤에이,서울,2.3,"4,682"
1289,(주)사이버라인,서울,2.3,"4,136"
1290,(주)소셜뉴스,서울,2.3,"2,765"
1291,(주)시드아이티,서울,2.3,"2,193"
1292,(주)아던트,서울,2.3,"3,439"
1293,(주)옐로모바일,서울,2.3,"5,707"
1294,(주)조은아이앤에스,서울,2.3,"3,430"
1295,아토리서치(주),경기,2.3,"4,936"
1296,양재미디어(주),서울,2.3,"3,485"
1297,캔즈플렉스(주),서울,2.3,"2,541"
1298,한국옐로우페이지(주),서울,2.3,"3,058"
1299,(주)집토스,서울,2.3,"3,144"
1300,(주)컴파트너스,인천,2.3,"2,165"
1301,미디어젠(주),경기,2.3,"4,760"
1302,크레이지다이아몬드(주),서울,2.3,"3,375"
1303,(주)에프원시큐리티,서울,2.3,"2,505"
1304,디지털플러스시스템(주),서울,2.3,"3,307"
1305,세중정보기술(주),서울,2.3,"6,389"
1306,이퓨전아이(주),서울,2.3,"2,815"
1307,휴먼아이티에스(주),경기,2.3,"3,390"
1308,(주)게티이미지코리아,서울,2.3,"3,323"
1309,(주)엠피알디,서울,2.3,"2,791"
1310,(주)와일리,서울,2.3,"3,470"
1311,(주)이언커뮤니케이션즈,서울,2.3,"3,300"
1312,(주)퓨쳐시스템,서울,2.3,"4,547"
1313,기분좋은커뮤니케이션(주),서울,2.3,"2,521"
1314,세종텔레콤(주),서울,2.3,"4,521"
1315,앱디스코(주),서울,2.3,"3,085"
1316,이노스파크(주),서울,2.3,"3,499"
1317,이패스씨앤아이(주),서울,2.3,"3,584"
1318,(주)노크노크,서울,2.3,"2,599"
1319,(주)리앙커뮤니케이션즈,서울,2.3,"3,427"
1320,(주)미디어그룹사람과숲,서울,2.3,"2,652"
1321,(주)미디어윌네트웍스,서울,2.3,"3,317"
1322,(주)이너버스,서울,2.3,"3,574"
1323,(주)탑코,서울,2.3,"3,031"
1324,(주)테크랩스,서울,2.3,"3,293"
1325,레드스톤시스템(주),서울,2.3,"2,350"
1326,지엠솔루션(주),서울,2.3,"3,715"
1327,코코네엠(주),서울,2.3,"3,352"
1328,(주)슈퍼솔루션,서울,2.3,"3,400"
1329,(주)아토스,서울,2.3,"3,660"
1330,(주)이트라이브,서울,2.3,"3,901"
1331,(주)티디아이,서울,2.3,"3,081"
1332,(주)티쿤글로벌,서울,2.3,"3,064"
1333,(주)헬로인사,서울,2.3,"3,078"
1334,(주)휴로인터랙티브,경기,2.3,"2,545"
1335,아이티네이드(주),서울,2.3,"2,568"
1336,엔비웨어(주),서울,2.3,"4,072"
1337,유즈브레인넷(주),서울,2.3,"4,264"
1338,코너크리에이티브(주),서울,2.3,"4,122"
1339,(주)웹이즈,서울,2.2,"2,138"
1340,(주)디스이즈게임닷컴,서울,2.2,"2,441"
1341,(주)비주얼,서울,2.2,"3,371"
1342,(주)워터정보,서울,2.2,"2,211"
1343,(주)웨어밸리,서울,2.2,"4,659"
1344,(주)쿠프마케팅,서울,2.2,"3,385"
1345,디지털즈(주),서울,2.2,"4,506"
1346,지오시스(유),서울,2.2,"3,257"
1347,(주)브이더블유,서울,2.2,"3,124"
1348,(주)비젠소프트,서울,2.2,"2,697"
1349,(주)지노시스템,서울,2.2,"3,647"
1350,바이코어(주),경기,2.2,"3,424"
1351,비플라이소프트(주),서울,2.2,"2,377"
1352,씬멀티미디어(주),서울,2.2,"5,206"
1353,엔쓰리엔(주),서울,2.2,"4,137"
1354,이씨마이너(주),서울,2.2,"3,399"
1355,지나웍스(주),서울,2.2,"3,542"
1356,(주)뉴플로이,서울,2.2,"3,748"
1357,(주)매스코,경기,2.2,"3,028"
1358,(주)민커뮤니케이션,대구,2.2,"3,035"
1359,(주)밸로프,서울,2.2,"3,042"
1360,(주)엔와이컴퓨터,경기,2.2,"3,177"
1361,(주)텍스트리,서울,2.2,"2,589"
1362,골프존씨엠(주),서울,2.2,"4,000"
1363,에듀베이션(주),서울,2.2,"3,358"
1364,(주)메타넷에스엔씨,서울,2.2,"4,433"
1365,(주)모바일팩토리,서울,2.2,"3,403"
1366,(주)세인트시큐리티,서울,2.2,"3,630"
1367,비비드커뮤니케이션즈,서울,2.2,"2,380"
1368,슈어엠(주),서울,2.2,"3,027"
1369,쓰리디메디비젼(주),서울,2.2,"3,014"
1370,어니컴(주),서울,2.2,"3,053"
1371,유플리트(주),서울,2.2,"3,031"
1372,텔레웍스(주),서울,2.2,"4,445"
1373,(주)소프트넷,서울,2.2,"3,682"
1374,(주)스마트스코어,서울,2.2,"3,652"
1375,게코소프트(주),서울,2.2,"2,908"
1376,아바드(주),경기,2.2,"3,438"
1377,에이스탁(주),서울,2.2,"2,784"
1378,제이큐브인터랙티브(주),서울,2.2,"3,198"
1379,(주)그린웍스,서울,2.2,"2,922"
1380,(주)더아이엠씨,대구,2.2,"2,419"
1381,(주)인밸류비즈,서울,2.2,"3,626"
1382,(주)한국이디에스,서울,2.2,"3,389"
1383,두루이디에스(주),서울,2.2,"2,985"
1384,디에스앤지시스템(주),서울,2.2,"3,431"
1385,이제너두(주),서울,2.2,"3,354"
1386,정원엔시스(주),서울,2.2,"4,322"
1387,클라우드나인아이앤씨,서울,2.2,"3,529"
1388,트래포트(주),서울,2.2,"2,842"
1389,포인트모바일(주),서울,2.2,"4,777"
1390,(주)메이크봇,서울,2.2,"2,771"
1391,(주)와그,서울,2.2,"3,481"
1392,(주)윤디자인그룹,서울,2.2,"3,733"
1393,(주)페이게이트,서울,2.2,"3,550"
1394,듀스펙(주),서울,2.2,"3,342"
1395,서울스탠다드(주),서울,2.2,"3,873"
1396,소셜네트워크(주),서울,2.2,"3,975"
1397,중외정보기술(주),서울,2.2,"3,844"
1398,케이지이니시스(주),서울,2.2,"3,769"
1399,(주)소프트웨어인라이프,서울,2.2,"3,100"
1400,(주)솔바테크놀러지,서울,2.2,"4,491"
1401,(주)이커머스테크,서울,2.2,"2,960"
1402,네비웍스(주),경기,2.2,"3,486"
1403,듀플렉스(주),경기,2.2,"1,531"
1404,빅스타글로벌(주),서울,2.2,"3,507"
1405,에쓰오씨소프트(주),서울,2.2,"3,325"
1406,인프라닉스(주),서울,2.2,"4,420"
1407,티쓰리엔터테인먼트(주),서울,2.2,"3,531"
1408,퓨즈(주),서울,2.2,"3,009"
1409,(주)리더마인,서울,2.2,"3,420"
1410,(주)미라지웍스,서울,2.2,"4,252"
1411,(주)버텍스아이디,서울,2.2,"4,016"
1412,모젼스랩(주),서울,2.2,"3,224"
1413,케이원정보통신(주),서울,2.2,"2,713"
1414,(주)키위컴퍼니,서울,2.1,"3,135"
1415,유씨알엠(주),서울,2.1,"2,926"
1416,지오니드커뮤니케이션(주),서울,2.1,"2,937"
1417,한국소리마치(주),서울,2.1,"4,329"
1418,한네트(주),서울,2.1,"3,017"
1419,(주)다우인큐브,서울,2.1,"3,700"
1420,(주)와이디온라인,서울,2.1,"4,553"
1421,(주)티에이나인,서울,2.1,"3,595"
1422,(주)펀엔씨,서울,2.1,"3,382"
1423,(주)플레이위드,경기,2.1,"3,376"
1424,스카이피플(주),경기,2.1,"3,192"
1425,디젠(주),인천,2.1,"3,330"
1426,스탠다드네트웍스(주),서울,2.1,"2,938"
1427,위자드랩(주),서울,2.1,"4,482"
1428,지로드코리아(주),서울,2.1,"3,251"
1429,혜만테크(주),서울,2.1,"3,847"
1430,(주)녹십자헬스케어,서울,2.1,"3,722"
1431,(주)모니터랩,서울,2.1,"3,257"
1432,(주)무노스,서울,2.1,"4,293"
1433,(주)앤썸앤컴퍼니,서울,2.1,"4,263"
1434,두올테크(주),서울,2.1,"3,908"
1435,드래곤플라이(주),서울,2.1,"4,101"
1436,삼미정보시스템(주),서울,2.1,"3,954"
1437,옐로오투오(주),서울,2.1,"3,124"
1438,퓨처텍(주),서울,2.1,"2,557"
1439,(주)게이즈,서울,2.1,"2,495"
1440,(주)유텍,대전,2.1,"3,448"
1441,(주)톨레미시스템,대전,2.1,"3,099"
1442,(주)헬로월드,서울,2.1,"3,000"
1443,낙스넷(주),서울,2.1,"2,941"
1444,시도우(주),서울,2.1,"3,156"
1445,이엠디넷,서울,2.1,"3,127"
1446,트리플래닛(주),서울,2.1,"2,814"
1447,(주)오토소프트,경기,2.1,"2,608"
1448,뉴리버,서울,2.1,"2,197"
1449,씨앤토트플러스(주),서울,2.1,"3,334"
1450,아이퀘스트(주),서울,2.1,"3,688"
1451,이와이드플러스(주),기타,2.1,"3,370"
1452,이지인터넷(주),서울,2.1,"2,995"
1453,피디시스템(주),서울,2.1,"2,072"
1454,(주)사이넷,서울,2.1,"4,548"
1455,(주)엠스텍,서울,2.1,"3,003"
1456,(주)케이엔아이씨,경남,2.1,"3,250"
1457,네오싸이언(주),서울,2.1,"4,560"
1458,쉬프트정보통신(주),서울,2.1,"3,969"
1459,씨에이에스(주),서울,2.1,"3,475"
1460,에스프리즘(주),서울,2.1,"2,897"
1461,영우씨엔아이(주),서울,2.1,"2,856"
1462,(주)씨케이앤비,서울,2.1,"2,903"
1463,(주)오케이토마토,기타,2.1,"3,298"
1464,(주)케이티이노에듀,서울,2.1,"3,586"
1465,이우소프트(주),경기,2.1,"4,473"
1466,(주)비스톤스,서울,2.1,"3,036"
1467,(주)스쿱미디어,서울,2.1,"3,339"
1468,(주)에이블유컴즈,서울,2.1,"3,536"
1469,(주)준인터,서울,2.1,"3,075"
1470,드림미즈(주),서울,2.1,"2,982"
1471,오상테크놀로지(주),서울,2.1,"2,630"
1472,인피닉(주),서울,2.1,"2,289"
1473,한길씨앤씨(주),서울,2.1,"3,941"
1474,(주)안드로메다게임즈,서울,2.1,"3,661"
1475,(주)조아라,서울,2.1,"3,617"
1476,(주)한위드정보기술,서울,2.1,"3,516"
1477,나라비전(주),경기,2.1,"2,882"
1478,디에스글로벌(주),서울,2.1,"2,231"
1479,미디어솔루션(주),서울,2.1,"2,425"
1480,(주)위고,서울,2.0,"4,476"
1481,마준소프트(주),서울,2.0,"3,237"
1482,셀리지온(주),경기,2.0,"6,146"
1483,심네트(주),서울,2.0,"3,680"
1484,제로웹(주),부산,2.0,"2,142"
1485,포디리플레이코리아(주),서울,2.0,"5,732"
1486,(주)나우드림,서울,2.0,"3,288"
1487,(주)무브게임즈,서울,2.0,"2,761"
1488,(주)신나는플랫폼,서울,2.0,"2,349"
1489,(주)아이티에스컨버젼스,서울,2.0,"3,686"
1490,(주)인포바인,서울,2.0,"3,634"
1491,(주)오더,서울,2.0,"3,043"
1492,(주)이토마토,서울,2.0,"4,919"
1493,필아이티(주),경기,2.0,"3,367"
1494,(주)디케이비엠시,서울,2.0,"2,897"
1495,(주)왈도시스템,서울,2.0,"3,614"
1496,(주)유시스,울산,2.0,"3,244"
1497,디에이아이오(주),경기,2.0,"4,826"
1498,리얼웹(주),서울,2.0,"4,339"
1499,씨씨알(주),서울,2.0,"3,492"
1500,웹커뮤니티(주),서울,2.0,"2,046"
1501,윈즈시스템(주),경기,2.0,"3,599"
1502,유니와이드테크놀러지(주),서울,2.0,"2,890"
1503,유진아이티서비스(주),서울,2.0,"5,118"
1504,인투씨엔에스(주),경기,2.0,"3,072"
1505,제이투엔(주),서울,2.0,"3,471"
1506,트럼피아(주),서울,2.0,"4,144"
1507,티아이스퀘어(주),경기,2.0,"4,489"
1508,폴리큐브(주),서울,2.0,"2,909"
1509,푸르넷닷컴(주),서울,2.0,"3,351"
1510,(주)제이슨그룹,서울,2.0,"2,611"
1511,(주)에넥스텔레콤,서울,2.0,"3,476"
1512,퓨전데이타(주),서울,2.0,"3,299"
1513,(주)미디어포스앤컴퍼니,서울,2.0,"3,517"
1514,(주)에이취큐텍,경기,2.0,"2,280"
1515,(주)와이즈스톤,서울,2.0,"2,349"
1516,(주)참좋은인터넷,인천,2.0,"2,962"
1517,노츠(주),서울,2.0,"2,539"
1518,센텀소프트(주),부산,2.0,"2,735"
1519,(주)넷트루컨설팅그룹,서울,2.0,"3,554"
1520,(주)루키스,서울,2.0,"4,361"
1521,(주)문피아,서울,2.0,"2,924"
1522,아이디노(주),부산,2.0,"2,951"
1523,위지언(주),서울,2.0,"2,654"
1524,블루사이드(주),경기,2.0,"4,127"
1525,비즈넷피아(주),서울,2.0,"2,481"
1526,옴니피앤씨(주),서울,2.0,"3,041"
1527,컨텐츠포탈(주),서울,2.0,"2,592"
1528,(주)유니콤넷,서울,1.9,"2,595"
1529,(주)지오소프트,서울,1.9,"3,091"
1530,(주)팍스넷,서울,1.9,"3,807"
1531,브레이브이노베이션(주),서울,1.9,"2,604"
1532,에프지아이(주),서울,1.9,"2,606"
1533,엘엔케이로직코리아(주),서울,1.9,"3,073"
1534,(주)재능이아카데미,서울,1.9,"3,639"
1535,디지털프로그(주),서울,1.9,"2,857"
1536,솔루피아(주),서울,1.9,"3,620"
1537,앤시정보기술(주),부산,1.9,"2,596"
1538,엔키소프트(주),서울,1.9,"4,279"
1539,(주)라이프사이언스테크놀로지,서울,1.9,"2,931"
1540,(주)마인즈랩,경기,1.9,"3,990"
1541,(주)타이탄플랫폼,서울,1.9,"3,956"
1542,디지테크정보(주),서울,1.9,"3,541"
1543,위너스톡(주),서울,1.9,"3,691"
1544,윌비솔루션(주),서울,1.9,"5,482"
1545,(주)웨어밸리데이타,서울,1.9,"3,994"
1546,(주)하누리티엔,서울,1.9,"3,333"
1547,(주)텔레컨스,서울,1.9,"4,338"
1548,씨아이에스텍(주),서울,1.9,"4,187"
1549,아이젝스(주),서울,1.9,"3,336"
1550,웹솔루스(주),서울,1.9,"3,529"
1551,(주)소프톤엔터테인먼트 ,인천,1.9,"3,109"
1552,로코모(주),서울,1.9,"3,327"
1553,아라소프트(주),경남,1.9,"2,639"
1554,튠시스템(주),경기,1.9,"2,712"
1555,(주)더유니파이,서울,1.9,"2,597"
1556,(주)비욘드엠,서울,1.9,"2,579"
1557,브라이어스(주),서울,1.9,"1,823"
1558,(주)코이스,서울,1.9,"3,045"
1559,노아에스앤씨(주),서울,1.9,"3,614"
1560,(주)다산네트웍솔루션즈,경기,1.9,"3,934"
1561,(주)아이큐패드,서울,1.9,"3,914"
1562,(주)엔이에스,경기,1.9,"3,221"
1563,(주)아이에스에프넷코리아,서울,1.9,"2,106"
1564,메이븐코리아(주),서울,1.9,"3,666"
1565,몬스타(주),부산,1.9,"2,583"
1566,이아이랩(주),서울,1.9,"2,660"
1567,지니프릭스(주),서울,1.9,"3,031"
1568,(주)씨유기획,서울,1.8,"2,643"
1569,소소(주),대구,1.8,"2,839"
1570,엘비씨소프트(주),서울,1.8,"3,677"
1571,인섹시큐리티(주),서울,1.8,"2,550"
1572,지엠티(주),경기,1.8,"3,401"
1573,(주)엠티데이타,경기,1.8,"2,725"
1574,(주)플레이팅,서울,1.8,"3,029"
1575,초이스테크놀로지(주),인천,1.8,"3,051"
1576,(주)센시블,서울,1.8,"2,440"
1577,(주)여보야,광주,1.8,"3,730"
1578,(주)헬스허브,서울,1.8,"2,929"
1579,(주)힙합퍼,서울,1.8,"2,099"
1580,엔씨티,서울,1.8,"1,960"
1581,포위드닷컴(주),서울,1.8,"3,077"
1582,바자울정보기술(주),전남,1.8,"3,110"
1583,이노포스커뮤니케이션즈(주),서울,1.8,"2,592"
1584,큐브앤큐브(주),서울,1.8,"2,805"
1585,퍼스트데이터코리아(유),서울,1.8,"5,847"
1586,(주)에이트원,서울,1.8,"3,140"
1587,리얼디스퀘어(주),경기,1.8,"1,685"
1588,에이브랜드,서울,1.8,"3,042"
1589,이스톰(주),서울,1.8,"3,101"
1590,전자조달연구원(주),서울,1.8,"2,808"
1591,(주)가온스,서울,1.8,"2,366"
1592,위닉스정보(주),서울,1.8,"3,571"
1593,(주)이지원인터넷서비스,경기,1.8,"4,585"
1594,(주)지니,경기,1.8,"2,799"
1595,케이투웹테크(주),서울,1.8,"2,929"
1596,(주)비즈머스,대전,1.8,"3,206"
1597,(주)케이넷,광주,1.8,"2,900"
1598,계영티앤아이(주),서울,1.8,"3,349"
1599,디노플러스(주),서울,1.8,"3,439"
1600,이지스커뮤니케이션즈(주),서울,1.8,"3,093"
1601,코스코이(주),서울,1.8,"3,026"
1602,퓨즈와이어(주),서울,1.8,"2,299"
1603,딜리(주),경기,1.7,"3,680"
1604,디지털원(주),서울,1.7,"2,417"
1605,(주)스포티비,서울,1.7,"2,737"
1606,(주)앱코,서울,1.7,"3,652"
1607,데이터코어시스템즈(주),서울,1.7,"3,183"
1608,이비즈네트웍스(주),서울,1.7,"2,936"
1609,케이지모빌리언스(주),서울,1.7,"4,922"
1610,(유)체리츠,서울,1.7,"2,850"
1611,위쉬정보기술(주),서울,1.7,"2,445"
1612,유엔비즈(주),서울,1.7,"3,388"
1613,포켓몬코리아(주),서울,1.7,"2,464"
1614,(주)아라인,경기,1.7,"4,070"
1615,가온소프트(주),경남,1.7,"3,024"
1616,데이터스트림즈(주),서울,1.7,"4,042"
1617,(주)사이버메드,대전,1.7,"4,034"
1618,(주)데이타메이션,서울,1.6,"3,192"
1619,웨이브홀딩스(주),경기,1.6,"2,209"
1620,(주)솔트케이크,서울,1.6,"2,593"
1621,(주)웰컨,경기,1.6,"2,971"
1622,공영디비엠(주),서울,1.6,"2,706"
1623,수펙스테크놀러지(주),서울,1.6,"3,365"
1624,포씨소프트(주),서울,1.6,"3,114"
1625,비네트(주),서울,1.6,"4,218"
1626,씨아이씨라이프(주),경남,1.6,"2,498"
1627,한경닷컴(주) bnt뉴스,서울,1.6,"2,500"
1628,위니웍스(주),서울,1.6,"2,609"
1629,(주)스파이더크래프트,서울,1.6,"3,532"
1630,(주)위즈그룹,서울,1.6,"2,738"
1631,(주)이츠엠,대구,1.6,"2,296"
1632,넷블루(주),대구,1.6,"1,492"
1633,써브나라(주),서울,1.6,"1,982"
1634,케이넷피,서울,1.6,"2,625"
1635,제이컴정보(주),서울,1.5,"1,945"
1636,테라클(주),서울,1.5,"4,117"
1637,넷아스(주),경기,1.5,"3,072"
1638,다존기술(주),서울,1.5,"4,469"
1639,포커스원(주),경기,1.5,"3,171"
1640,(주)니트로아이,경기,1.5,"1,348"
1641,모르페우스(주),경기,1.5,"3,406"
1642,이암허브(주),서울,1.4,"1,706"
1643,재미인터랙티브(주),서울,1.4,"3,179"
1644,이클리어인터내셔날(주),서울,1.4,"1,964"
1645,아이리시스(주),서울,1.4,"3,311"
1646,에픽소프트(주),서울,1.4,"2,114"
1647,(주)세이퍼존,대전,1.3,"3,639"
1648,원더풀소프트(주),서울,1.3,"3,372"
1649,(주)아이네임즈,경기,1.3,"2,853"
1650,에프케이비씨지(주),서울,1.3,"4,456"
1651,디자인커뮤니케이션(주),서울,1.2,"2,718"
